[{"name":"render_template.action_view","payload":{"identifier":"/Users/davidwilkinson/Google_Drive/General_Assembly/WDI11/WDI_LDN_Curriculum/6_Rails/debugging_rails/debugging/app/views/home/home.erb","layout":"layouts/application"},"time":"2015-01-06T12:05:35.655+00:00","transaction_id":"a6d5e6267ddc584fcca5","end":"2015-01-06T12:05:35.657+00:00","children":[],"duration":1.4469999999999998},{"name":"process_action.action_controller","payload":{"controller":"HomeController","action":"home","params":{"controller":"home","action":"home"},"format":"html","method":"GET","path":"/","status":200,"view_runtime":533.0310000000001,"db_runtime":0},"time":"2015-01-06T12:05:35.639+00:00","transaction_id":"a6d5e6267ddc584fcca5","end":"2015-01-06T12:05:36.182+00:00","children":[],"duration":542.937}]