[{"name":"render_template.action_view","payload":{"identifier":"/Users/davidwilkinson/Google_Drive/General_Assembly/WDI11/WDI_LDN_Curriculum/6_Rails/debugging_rails/debugging/app/views/home/home.erb","layout":"layouts/application"},"time":"2015-01-06T12:19:52.239+00:00","transaction_id":"606d300fc42f3732c199","end":"2015-01-06T12:19:52.240+00:00","children":[],"duration":0.9380000000000001},{"name":"process_action.action_controller","payload":{"controller":"HomeController","action":"home","params":{"controller":"home","action":"home"},"format":"html","method":"GET","path":"/","status":200,"view_runtime":45.975,"db_runtime":0},"time":"2015-01-06T12:19:52.227+00:00","transaction_id":"606d300fc42f3732c199","end":"2015-01-06T12:19:52.280+00:00","children":[],"duration":53.284}]